<?xml version="1.0" encoding="UTF-8"?>
<extension version="3.0" type="plugin" group="vmpayment" method="upgrade">
	<name>beGateway</name>
 	<author>eComCharge</author>
  <creationDate>Dec 18 2016</creationDate>
	<authorEmail>techsupport@ecomcharge.com</authorEmail>
  <license>http://opensource.org/licenses/MIT</license>
	<version>2.3.1</version>
	<description>beGateway Payment Plugin</description>
	<files>
 		<filename plugin="begateway">begateway.php</filename>
    <folder>begateway-api-php</folder>
	</files>
	<languages folder="language">
		<language tag="ru-RU">ru-RU.plg_vmpayment_begateway.ini</language>
		<language tag="en-GB">en-GB.plg_vmpayment_begateway.ini</language>
	</languages>
  <vmconfig>
    <fields name="params">
      <fieldset name="basic">
        <field name="ShopId" type="text" label="VMPAYMENT_BEGATEWAY_SHOPID" />
        <field name="ShopKey" type="text" label="VMPAYMENT_BEGATEWAY_SHOPKEY" size="100"/>
        <field name="GatewayUrl" type="text" label="VMPAYMENT_BEGATEWAY_GATEWAYURL" size="100" />
        <field name="PageUrl" type="text" label="VMPAYMENT_BEGATEWAY_PAGEURL" size="100"/>
        <field name="TransactionType" type="list" default="0" label="VMPAYMENT_BEGATEWAY_TRANSACTIONTYPE">
          <option value="payment">VMPAYMENT_BEGATEWAY_TRX_TYPE_PAYMENT</option>
          <option value="authorization">VMPAYMENT_BEGATEWAY_TRX_TYPE_AUTH</option>
        </field>
        <field name="payment_currency" type="vmacceptedcurrency" default="" label="VMPAYMENT_BEGATEWAY_CURRENCY" description="VMPAYMENT_BEGATEWAY_CURRENCY_DESC" />
        <field name="countries" type="vmcountries"  scope="com_virtuemart" default="" label="VMPAYMENT_BEGATEWAY_COUNTRIES" description="VMPAYMENT_BEGATEWAY_COUNTRIES_DESC"/>
        <field name="min_amount" type="text"  label="VMPAYMENT_BEGATEWAY_MIN_AMOUNT" description="VMPAYMENT_BEGATEWAY_MIN_AMOUNT_EXPLAIN" />
        <field name="max_amount" type="text"  label="VMPAYMENT_BEGATEWAY_MAX_AMOUNT" description="VMPAYMENT_BEGATEWAY_MAX_AMOUNT_EXPLAIN" />
        <field name="TestMode" type="list" default="0" label="VMPAYMENT_BEGATEWAY_TEST_MODE">
          <option value="0">JNO</option>
          <option value="1">JYES</option>
        </field>
        <field name="debug_mode" type="list" default="0" label="VMPAYMENT_BEGATEWAY_DEBUG_MODE" desc="VMPAYMENT_BEGATEWAY_DEBUG_MODE_DESC">
          <option value="0">JNO</option>
          <option value="1">JYES</option>
        </field>
        <field name="EnableCards" type="list" default="1" label="VMPAYMENT_BEGATEWAY_ENABLE_CARD">
          <option value="1">JYES</option>
          <option value="0">JNO</option>
        </field>
        <field name="EnableHalva" type="list" default="0" label="VMPAYMENT_BEGATEWAY_ENABLE_HALVA">
          <option value="0">JNO</option>
          <option value="1">JYES</option>
        </field>
        <field name="EnableErip" type="list" default="0" label="VMPAYMENT_BEGATEWAY_ENABLE_ERIP">
          <option value="0">JNO</option>
          <option value="1">JYES</option>
        </field>
        <field name="status_pending" type="vmorderstate" scope="com_virtuemart" default="P" label="VMPAYMENT_BEGATEWAY_STATUS_PENDING" description="VMPAYMENT_BEGATEWAY_STATUS_PENDING_EXPLAIN" />
        <field name="status_success" type="vmorderstate" scope="com_virtuemart" default="C" label="VMPAYMENT_BEGATEWAY_STATUS_SUCCESS" description="VMPAYMENT_BEGATEWAY_STATUS_SUCCESS_EXPLAIN" />
        <field name="payment_logos" scope="com_virtuemart" multiple="true" type="vmfiles" label="VMPAYMENT_BEGATEWAY_LOGO"
                      directory="/images/virtuemart/payment"
                      default="default" hide_default="1" hide_none="1" stripext="0" exclude="^_"/>
      </fieldset>
    </fields>
  </vmconfig>
</extension>
