<?xml version="1.0" encoding="UTF-8"?>
<extension version="3.0" type="plugin" group="vmpayment" method="upgrade">
	<name>beGateway</name>
 	<author>beGateway development team</author>
  <creationDate>Dec 18 2016</creationDate>
	<authorEmail>techsupport@ecomcharge.com</authorEmail>
  <license>http://opensource.org/licenses/MIT</license>
	<version>2.2.0</version>
	<description>beGateway Payment Plugin</description>
	<files>
 		<filename plugin="begateway">begateway.php</filename>
    <folder>begateway-api-php</folder>
	</files>
	<languages folder="language">
		<language tag="ru-RU">ru-RU.plg_vmpayment_begateway.ini</language>
		<language tag="en-GB">en-GB.plg_vmpayment_begateway.ini</language>
	</languages>
  <vmconfig>
    <fields name="params">
      <fieldset name="basic">
        <field name="GatewayUrl" type="text" label="PLG_BEGATEWAY_VM3_GATEWAYURL" size="100" />
        <field name="PageUrl" type="text" label="PLG_BEGATEWAY_VM3_PAGEURL" size="100"/>
        <field name="TransactionType" type="list" default="0" label="PLG_BEGATEWAY_VM3_TRANSACTIONTYPE">
          <option value="payment">PLG_BEGATEWAY_VM3_TRX_TYPE_PAYMENT</option>
          <option value="authorization">PLG_BEGATEWAY_VM3_TRX_TYPE_AUTH</option>
        </field>
        <field name="ShopId" type="text" label="PLG_BEGATEWAY_VM3_SHOPID" />
        <field name="ShopKey" type="text" label="PLG_BEGATEWAY_VM3_SHOPKEY" size="100"/>
        <field name="payment_logos" scope="com_virtuemart" type="vmfiles" label="PLG_BEGATEWAY_VM3_LOGO"
                      directory="/images/stories/virtuemart/payment"
                      default="default" hide_default="1" hide_none="1" stripext="0" exclude="^_"/>
      </fieldset>
    </fields>
  </vmconfig>
</extension>
